"","POW_LGA_CODE_2021","LGAName","Occupation","NumPeople","Sex"
"1","20110","Alpine","Managers",612,"M"
"2","20110","Alpine","Professionals",307,"M"
"3","20110","Alpine","Technicians and Trades Workers",555,"M"
"4","20110","Alpine","Community and Personal Service Workers",187,"M"
"5","20110","Alpine","Clerical and Administrative Workers",67,"M"
"6","20110","Alpine","Sales Workers",184,"M"
"7","20110","Alpine","Machinery Operators and Drivers",243,"M"
"8","20110","Alpine","Labourers",401,"M"
"9","20110","Alpine","Managers",416,"F"
"10","20110","Alpine","Professionals",520,"F"
"11","20110","Alpine","Technicians and Trades Workers",174,"F"
"12","20110","Alpine","Community and Personal Service Workers",461,"F"
"13","20110","Alpine","Clerical and Administrative Workers",395,"F"
"14","20110","Alpine","Sales Workers",316,"F"
"15","20110","Alpine","Machinery Operators and Drivers",46,"F"
"16","20110","Alpine","Labourers",288,"F"
"17","20260","Ararat","Managers",635,"M"
"18","20260","Ararat","Professionals",247,"M"
"19","20260","Ararat","Technicians and Trades Workers",377,"M"
"20","20260","Ararat","Community and Personal Service Workers",391,"M"
"21","20260","Ararat","Clerical and Administrative Workers",81,"M"
"22","20260","Ararat","Sales Workers",143,"M"
"23","20260","Ararat","Machinery Operators and Drivers",253,"M"
"24","20260","Ararat","Labourers",502,"M"
"25","20260","Ararat","Managers",335,"F"
"26","20260","Ararat","Professionals",511,"F"
"27","20260","Ararat","Technicians and Trades Workers",106,"F"
"28","20260","Ararat","Community and Personal Service Workers",563,"F"
"29","20260","Ararat","Clerical and Administrative Workers",377,"F"
"30","20260","Ararat","Sales Workers",234,"F"
"31","20260","Ararat","Machinery Operators and Drivers",27,"F"
"32","20260","Ararat","Labourers",320,"F"
"33","20570","Ballarat","Managers",3470,"M"
"34","20570","Ballarat","Professionals",4428,"M"
"35","20570","Ballarat","Technicians and Trades Workers",5911,"M"
"36","20570","Ballarat","Community and Personal Service Workers",1954,"M"
"37","20570","Ballarat","Clerical and Administrative Workers",1488,"M"
"38","20570","Ballarat","Sales Workers",2031,"M"
"39","20570","Ballarat","Machinery Operators and Drivers",2674,"M"
"40","20570","Ballarat","Labourers",3316,"M"
"41","20570","Ballarat","Managers",2238,"F"
"42","20570","Ballarat","Professionals",7633,"F"
"43","20570","Ballarat","Technicians and Trades Workers",1289,"F"
"44","20570","Ballarat","Community and Personal Service Workers",5581,"F"
"45","20570","Ballarat","Clerical and Administrative Workers",5509,"F"
"46","20570","Ballarat","Sales Workers",3417,"F"
"47","20570","Ballarat","Machinery Operators and Drivers",287,"F"
"48","20570","Ballarat","Labourers",1964,"F"
"49","20660","Banyule","Managers",2806,"M"
"50","20660","Banyule","Professionals",5065,"M"
"51","20660","Banyule","Technicians and Trades Workers",4507,"M"
"52","20660","Banyule","Community and Personal Service Workers",1869,"M"
"53","20660","Banyule","Clerical and Administrative Workers",1078,"M"
"54","20660","Banyule","Sales Workers",1324,"M"
"55","20660","Banyule","Machinery Operators and Drivers",1181,"M"
"56","20660","Banyule","Labourers",1860,"M"
"57","20660","Banyule","Managers",1932,"F"
"58","20660","Banyule","Professionals",10810,"F"
"59","20660","Banyule","Technicians and Trades Workers",1271,"F"
"60","20660","Banyule","Community and Personal Service Workers",4634,"F"
"61","20660","Banyule","Clerical and Administrative Workers",4496,"F"
"62","20660","Banyule","Sales Workers",2275,"F"
"63","20660","Banyule","Machinery Operators and Drivers",241,"F"
"64","20660","Banyule","Labourers",1093,"F"
"65","20740","Bass Coast","Managers",1072,"M"
"66","20740","Bass Coast","Professionals",832,"M"
"67","20740","Bass Coast","Technicians and Trades Workers",1478,"M"
"68","20740","Bass Coast","Community and Personal Service Workers",443,"M"
"69","20740","Bass Coast","Clerical and Administrative Workers",181,"M"
"70","20740","Bass Coast","Sales Workers",536,"M"
"71","20740","Bass Coast","Machinery Operators and Drivers",392,"M"
"72","20740","Bass Coast","Labourers",815,"M"
"73","20740","Bass Coast","Managers",767,"F"
"74","20740","Bass Coast","Professionals",1387,"F"
"75","20740","Bass Coast","Technicians and Trades Workers",376,"F"
"76","20740","Bass Coast","Community and Personal Service Workers",1363,"F"
"77","20740","Bass Coast","Clerical and Administrative Workers",1104,"F"
"78","20740","Bass Coast","Sales Workers",993,"F"
"79","20740","Bass Coast","Machinery Operators and Drivers",55,"F"
"80","20740","Bass Coast","Labourers",581,"F"
"81","20830","Baw Baw","Managers",1783,"M"
"82","20830","Baw Baw","Professionals",1194,"M"
"83","20830","Baw Baw","Technicians and Trades Workers",2096,"M"
"84","20830","Baw Baw","Community and Personal Service Workers",493,"M"
"85","20830","Baw Baw","Clerical and Administrative Workers",300,"M"
"86","20830","Baw Baw","Sales Workers",580,"M"
"87","20830","Baw Baw","Machinery Operators and Drivers",884,"M"
"88","20830","Baw Baw","Labourers",1544,"M"
"89","20830","Baw Baw","Managers",1156,"F"
"90","20830","Baw Baw","Professionals",2392,"F"
"91","20830","Baw Baw","Technicians and Trades Workers",552,"F"
"92","20830","Baw Baw","Community and Personal Service Workers",2033,"F"
"93","20830","Baw Baw","Clerical and Administrative Workers",1826,"F"
"94","20830","Baw Baw","Sales Workers",1149,"F"
"95","20830","Baw Baw","Machinery Operators and Drivers",104,"F"
"96","20830","Baw Baw","Labourers",1147,"F"
"97","20910","Bayside (Vic.)","Managers",2803,"M"
"98","20910","Bayside (Vic.)","Professionals",3758,"M"
"99","20910","Bayside (Vic.)","Technicians and Trades Workers",2939,"M"
"100","20910","Bayside (Vic.)","Community and Personal Service Workers",1428,"M"
"101","20910","Bayside (Vic.)","Clerical and Administrative Workers",711,"M"
"102","20910","Bayside (Vic.)","Sales Workers",1289,"M"
"103","20910","Bayside (Vic.)","Machinery Operators and Drivers",583,"M"
"104","20910","Bayside (Vic.)","Labourers",1181,"M"
"105","20910","Bayside (Vic.)","Managers",1997,"F"
"106","20910","Bayside (Vic.)","Professionals",5505,"F"
"107","20910","Bayside (Vic.)","Technicians and Trades Workers",855,"F"
"108","20910","Bayside (Vic.)","Community and Personal Service Workers",3686,"F"
"109","20910","Bayside (Vic.)","Clerical and Administrative Workers",3071,"F"
"110","20910","Bayside (Vic.)","Sales Workers",1734,"F"
"111","20910","Bayside (Vic.)","Machinery Operators and Drivers",125,"F"
"112","20910","Bayside (Vic.)","Labourers",651,"F"
"113","21010","Benalla","Managers",617,"M"
"114","21010","Benalla","Professionals",335,"M"
"115","21010","Benalla","Technicians and Trades Workers",699,"M"
"116","21010","Benalla","Community and Personal Service Workers",171,"M"
"117","21010","Benalla","Clerical and Administrative Workers",134,"M"
"118","21010","Benalla","Sales Workers",158,"M"
"119","21010","Benalla","Machinery Operators and Drivers",427,"M"
"120","21010","Benalla","Labourers",542,"M"
"121","21010","Benalla","Managers",369,"F"
"122","21010","Benalla","Professionals",568,"F"
"123","21010","Benalla","Technicians and Trades Workers",138,"F"
"124","21010","Benalla","Community and Personal Service Workers",595,"F"
"125","21010","Benalla","Clerical and Administrative Workers",473,"F"
"126","21010","Benalla","Sales Workers",283,"F"
"127","21010","Benalla","Machinery Operators and Drivers",61,"F"
"128","21010","Benalla","Labourers",293,"F"
"129","21110","Boroondara","Managers",7097,"M"
"130","21110","Boroondara","Professionals",12695,"M"
"131","21110","Boroondara","Technicians and Trades Workers",4387,"M"
"132","21110","Boroondara","Community and Personal Service Workers",2477,"M"
"133","21110","Boroondara","Clerical and Administrative Workers",2497,"M"
"134","21110","Boroondara","Sales Workers",2885,"M"
"135","21110","Boroondara","Machinery Operators and Drivers",913,"M"
"136","21110","Boroondara","Labourers",2202,"M"
"137","21110","Boroondara","Managers",5497,"F"
"138","21110","Boroondara","Professionals",14788,"F"
"139","21110","Boroondara","Technicians and Trades Workers",1663,"F"
"140","21110","Boroondara","Community and Personal Service Workers",6597,"F"
"141","21110","Boroondara","Clerical and Administrative Workers",7783,"F"
"142","21110","Boroondara","Sales Workers",3831,"F"
"143","21110","Boroondara","Machinery Operators and Drivers",206,"F"
"144","21110","Boroondara","Labourers",1339,"F"
"145","21180","Brimbank","Managers",6142,"M"
"146","21180","Brimbank","Professionals",5137,"M"
"147","21180","Brimbank","Technicians and Trades Workers",9568,"M"
"148","21180","Brimbank","Community and Personal Service Workers",1905,"M"
"149","21180","Brimbank","Clerical and Administrative Workers",3385,"M"
"150","21180","Brimbank","Sales Workers",2895,"M"
"151","21180","Brimbank","Machinery Operators and Drivers",9105,"M"
"152","21180","Brimbank","Labourers",5759,"M"
"153","21180","Brimbank","Managers",2837,"F"
"154","21180","Brimbank","Professionals",8747,"F"
"155","21180","Brimbank","Technicians and Trades Workers",1260,"F"
"156","21180","Brimbank","Community and Personal Service Workers",5167,"F"
"157","21180","Brimbank","Clerical and Administrative Workers",6739,"F"
"158","21180","Brimbank","Sales Workers",3771,"F"
"159","21180","Brimbank","Machinery Operators and Drivers",1383,"F"
"160","21180","Brimbank","Labourers",2498,"F"
"161","21270","Buloke","Managers",573,"M"
"162","21270","Buloke","Professionals",108,"M"
"163","21270","Buloke","Technicians and Trades Workers",200,"M"
"164","21270","Buloke","Community and Personal Service Workers",38,"M"
"165","21270","Buloke","Clerical and Administrative Workers",33,"M"
"166","21270","Buloke","Sales Workers",56,"M"
"167","21270","Buloke","Machinery Operators and Drivers",167,"M"
"168","21270","Buloke","Labourers",229,"M"
"169","21270","Buloke","Managers",213,"F"
"170","21270","Buloke","Professionals",258,"F"
"171","21270","Buloke","Technicians and Trades Workers",44,"F"
"172","21270","Buloke","Community and Personal Service Workers",172,"F"
"173","21270","Buloke","Clerical and Administrative Workers",181,"F"
"174","21270","Buloke","Sales Workers",101,"F"
"175","21270","Buloke","Machinery Operators and Drivers",21,"F"
"176","21270","Buloke","Labourers",151,"F"
"177","21370","Campaspe","Managers",1841,"M"
"178","21370","Campaspe","Professionals",794,"M"
"179","21370","Campaspe","Technicians and Trades Workers",1747,"M"
"180","21370","Campaspe","Community and Personal Service Workers",400,"M"
"181","21370","Campaspe","Clerical and Administrative Workers",206,"M"
"182","21370","Campaspe","Sales Workers",556,"M"
"183","21370","Campaspe","Machinery Operators and Drivers",990,"M"
"184","21370","Campaspe","Labourers",1392,"M"
"185","21370","Campaspe","Managers",972,"F"
"186","21370","Campaspe","Professionals",1775,"F"
"187","21370","Campaspe","Technicians and Trades Workers",440,"F"
"188","21370","Campaspe","Community and Personal Service Workers",1580,"F"
"189","21370","Campaspe","Clerical and Administrative Workers",1349,"F"
"190","21370","Campaspe","Sales Workers",1029,"F"
"191","21370","Campaspe","Machinery Operators and Drivers",88,"F"
"192","21370","Campaspe","Labourers",907,"F"
"193","21450","Cardinia","Managers",2385,"M"
"194","21450","Cardinia","Professionals",1748,"M"
"195","21450","Cardinia","Technicians and Trades Workers",4393,"M"
"196","21450","Cardinia","Community and Personal Service Workers",657,"M"
"197","21450","Cardinia","Clerical and Administrative Workers",568,"M"
"198","21450","Cardinia","Sales Workers",1165,"M"
"199","21450","Cardinia","Machinery Operators and Drivers",1895,"M"
"200","21450","Cardinia","Labourers",2544,"M"
"201","21450","Cardinia","Managers",1453,"F"
"202","21450","Cardinia","Professionals",3139,"F"
"203","21450","Cardinia","Technicians and Trades Workers",881,"F"
"204","21450","Cardinia","Community and Personal Service Workers",3348,"F"
"205","21450","Cardinia","Clerical and Administrative Workers",2808,"F"
"206","21450","Cardinia","Sales Workers",2155,"F"
"207","21450","Cardinia","Machinery Operators and Drivers",237,"F"
"208","21450","Cardinia","Labourers",1486,"F"
"209","21610","Casey","Managers",5253,"M"
"210","21610","Casey","Professionals",5562,"M"
"211","21610","Casey","Technicians and Trades Workers",9103,"M"
"212","21610","Casey","Community and Personal Service Workers",2141,"M"
"213","21610","Casey","Clerical and Administrative Workers",1894,"M"
"214","21610","Casey","Sales Workers",3691,"M"
"215","21610","Casey","Machinery Operators and Drivers",4650,"M"
"216","21610","Casey","Labourers",5461,"M"
"217","21610","Casey","Managers",3410,"F"
"218","21610","Casey","Professionals",10636,"F"
"219","21610","Casey","Technicians and Trades Workers",2030,"F"
"220","21610","Casey","Community and Personal Service Workers",9202,"F"
"221","21610","Casey","Clerical and Administrative Workers",7148,"F"
"222","21610","Casey","Sales Workers",6511,"F"
"223","21610","Casey","Machinery Operators and Drivers",633,"F"
"224","21610","Casey","Labourers",3341,"F"
"225","21670","Central Goldfields","Managers",352,"M"
"226","21670","Central Goldfields","Professionals",204,"M"
"227","21670","Central Goldfields","Technicians and Trades Workers",470,"M"
"228","21670","Central Goldfields","Community and Personal Service Workers",162,"M"
"229","21670","Central Goldfields","Clerical and Administrative Workers",71,"M"
"230","21670","Central Goldfields","Sales Workers",157,"M"
"231","21670","Central Goldfields","Machinery Operators and Drivers",248,"M"
"232","21670","Central Goldfields","Labourers",350,"M"
"233","21670","Central Goldfields","Managers",204,"F"
"234","21670","Central Goldfields","Professionals",472,"F"
"235","21670","Central Goldfields","Technicians and Trades Workers",134,"F"
"236","21670","Central Goldfields","Community and Personal Service Workers",511,"F"
"237","21670","Central Goldfields","Clerical and Administrative Workers",344,"F"
"238","21670","Central Goldfields","Sales Workers",325,"F"
"239","21670","Central Goldfields","Machinery Operators and Drivers",44,"F"
"240","21670","Central Goldfields","Labourers",296,"F"
"241","21750","Colac Otway","Managers",1125,"M"
"242","21750","Colac Otway","Professionals",473,"M"
"243","21750","Colac Otway","Technicians and Trades Workers",1116,"M"
"244","21750","Colac Otway","Community and Personal Service Workers",282,"M"
"245","21750","Colac Otway","Clerical and Administrative Workers",177,"M"
"246","21750","Colac Otway","Sales Workers",290,"M"
"247","21750","Colac Otway","Machinery Operators and Drivers",712,"M"
"248","21750","Colac Otway","Labourers",1196,"M"
"249","21750","Colac Otway","Managers",623,"F"
"250","21750","Colac Otway","Professionals",898,"F"
"251","21750","Colac Otway","Technicians and Trades Workers",248,"F"
"252","21750","Colac Otway","Community and Personal Service Workers",1011,"F"
"253","21750","Colac Otway","Clerical and Administrative Workers",726,"F"
"254","21750","Colac Otway","Sales Workers",592,"F"
"255","21750","Colac Otway","Machinery Operators and Drivers",56,"F"
"256","21750","Colac Otway","Labourers",795,"F"
"257","21830","Corangamite","Managers",1357,"M"
"258","21830","Corangamite","Professionals",270,"M"
"259","21830","Corangamite","Technicians and Trades Workers",720,"M"
"260","21830","Corangamite","Community and Personal Service Workers",132,"M"
"261","21830","Corangamite","Clerical and Administrative Workers",74,"M"
"262","21830","Corangamite","Sales Workers",158,"M"
"263","21830","Corangamite","Machinery Operators and Drivers",540,"M"
"264","21830","Corangamite","Labourers",668,"M"
"265","21830","Corangamite","Managers",699,"F"
"266","21830","Corangamite","Professionals",649,"F"
"267","21830","Corangamite","Technicians and Trades Workers",154,"F"
"268","21830","Corangamite","Community and Personal Service Workers",560,"F"
"269","21830","Corangamite","Clerical and Administrative Workers",423,"F"
"270","21830","Corangamite","Sales Workers",307,"F"
"271","21830","Corangamite","Machinery Operators and Drivers",54,"F"
"272","21830","Corangamite","Labourers",444,"F"
"273","21890","Darebin","Managers",3969,"M"
"274","21890","Darebin","Professionals",5537,"M"
"275","21890","Darebin","Technicians and Trades Workers",5182,"M"
"276","21890","Darebin","Community and Personal Service Workers",2121,"M"
"277","21890","Darebin","Clerical and Administrative Workers",1584,"M"
"278","21890","Darebin","Sales Workers",2162,"M"
"279","21890","Darebin","Machinery Operators and Drivers",2499,"M"
"280","21890","Darebin","Labourers",2485,"M"
"281","21890","Darebin","Managers",2841,"F"
"282","21890","Darebin","Professionals",8049,"F"
"283","21890","Darebin","Technicians and Trades Workers",1324,"F"
"284","21890","Darebin","Community and Personal Service Workers",5542,"F"
"285","21890","Darebin","Clerical and Administrative Workers",4465,"F"
"286","21890","Darebin","Sales Workers",3293,"F"
"287","21890","Darebin","Machinery Operators and Drivers",562,"F"
"288","21890","Darebin","Labourers",1402,"F"
"289","22110","East Gippsland","Managers",1630,"M"
"290","22110","East Gippsland","Professionals",970,"M"
"291","22110","East Gippsland","Technicians and Trades Workers",1833,"M"
"292","22110","East Gippsland","Community and Personal Service Workers",578,"M"
"293","22110","East Gippsland","Clerical and Administrative Workers",322,"M"
"294","22110","East Gippsland","Sales Workers",633,"M"
"295","22110","East Gippsland","Machinery Operators and Drivers",964,"M"
"296","22110","East Gippsland","Labourers",1425,"M"
"297","22110","East Gippsland","Managers",1073,"F"
"298","22110","East Gippsland","Professionals",1903,"F"
"299","22110","East Gippsland","Technicians and Trades Workers",403,"F"
"300","22110","East Gippsland","Community and Personal Service Workers",1956,"F"
"301","22110","East Gippsland","Clerical and Administrative Workers",1621,"F"
"302","22110","East Gippsland","Sales Workers",1025,"F"
"303","22110","East Gippsland","Machinery Operators and Drivers",92,"F"
"304","22110","East Gippsland","Labourers",942,"F"
"305","22170","Frankston","Managers",3500,"M"
"306","22170","Frankston","Professionals",3737,"M"
"307","22170","Frankston","Technicians and Trades Workers",6023,"M"
"308","22170","Frankston","Community and Personal Service Workers",1535,"M"
"309","22170","Frankston","Clerical and Administrative Workers",1169,"M"
"310","22170","Frankston","Sales Workers",2004,"M"
"311","22170","Frankston","Machinery Operators and Drivers",2197,"M"
"312","22170","Frankston","Labourers",3099,"M"
"313","22170","Frankston","Managers",2259,"F"
"314","22170","Frankston","Professionals",7861,"F"
"315","22170","Frankston","Technicians and Trades Workers",1200,"F"
"316","22170","Frankston","Community and Personal Service Workers",5454,"F"
"317","22170","Frankston","Clerical and Administrative Workers",5288,"F"
"318","22170","Frankston","Sales Workers",3492,"F"
"319","22170","Frankston","Machinery Operators and Drivers",403,"F"
"320","22170","Frankston","Labourers",1883,"F"
"321","22250","Gannawarra","Managers",669,"M"
"322","22250","Gannawarra","Professionals",159,"M"
"323","22250","Gannawarra","Technicians and Trades Workers",388,"M"
"324","22250","Gannawarra","Community and Personal Service Workers",55,"M"
"325","22250","Gannawarra","Clerical and Administrative Workers",65,"M"
"326","22250","Gannawarra","Sales Workers",107,"M"
"327","22250","Gannawarra","Machinery Operators and Drivers",233,"M"
"328","22250","Gannawarra","Labourers",324,"M"
"329","22250","Gannawarra","Managers",297,"F"
"330","22250","Gannawarra","Professionals",359,"F"
"331","22250","Gannawarra","Technicians and Trades Workers",98,"F"
"332","22250","Gannawarra","Community and Personal Service Workers",322,"F"
"333","22250","Gannawarra","Clerical and Administrative Workers",323,"F"
"334","22250","Gannawarra","Sales Workers",183,"F"
"335","22250","Gannawarra","Machinery Operators and Drivers",18,"F"
"336","22250","Gannawarra","Labourers",199,"F"
"337","22310","Glen Eira","Managers",2887,"M"
"338","22310","Glen Eira","Professionals",4917,"M"
"339","22310","Glen Eira","Technicians and Trades Workers",3520,"M"
"340","22310","Glen Eira","Community and Personal Service Workers",1588,"M"
"341","22310","Glen Eira","Clerical and Administrative Workers",1077,"M"
"342","22310","Glen Eira","Sales Workers",1506,"M"
"343","22310","Glen Eira","Machinery Operators and Drivers",648,"M"
"344","22310","Glen Eira","Labourers",1611,"M"
"345","22310","Glen Eira","Managers",2272,"F"
"346","22310","Glen Eira","Professionals",7805,"F"
"347","22310","Glen Eira","Technicians and Trades Workers",997,"F"
"348","22310","Glen Eira","Community and Personal Service Workers",4742,"F"
"349","22310","Glen Eira","Clerical and Administrative Workers",3795,"F"
"350","22310","Glen Eira","Sales Workers",1899,"F"
"351","22310","Glen Eira","Machinery Operators and Drivers",134,"F"
"352","22310","Glen Eira","Labourers",922,"F"
"353","22410","Glenelg","Managers",880,"M"
"354","22410","Glenelg","Professionals",379,"M"
"355","22410","Glenelg","Technicians and Trades Workers",905,"M"
"356","22410","Glenelg","Community and Personal Service Workers",227,"M"
"357","22410","Glenelg","Clerical and Administrative Workers",110,"M"
"358","22410","Glenelg","Sales Workers",202,"M"
"359","22410","Glenelg","Machinery Operators and Drivers",820,"M"
"360","22410","Glenelg","Labourers",645,"M"
"361","22410","Glenelg","Managers",542,"F"
"362","22410","Glenelg","Professionals",771,"F"
"363","22410","Glenelg","Technicians and Trades Workers",198,"F"
"364","22410","Glenelg","Community and Personal Service Workers",789,"F"
"365","22410","Glenelg","Clerical and Administrative Workers",609,"F"
"366","22410","Glenelg","Sales Workers",426,"F"
"367","22410","Glenelg","Machinery Operators and Drivers",74,"F"
"368","22410","Glenelg","Labourers",432,"F"
"369","22490","Golden Plains","Managers",568,"M"
"370","22490","Golden Plains","Professionals",238,"M"
"371","22490","Golden Plains","Technicians and Trades Workers",586,"M"
"372","22490","Golden Plains","Community and Personal Service Workers",72,"M"
"373","22490","Golden Plains","Clerical and Administrative Workers",76,"M"
"374","22490","Golden Plains","Sales Workers",93,"M"
"375","22490","Golden Plains","Machinery Operators and Drivers",242,"M"
"376","22490","Golden Plains","Labourers",403,"M"
"377","22490","Golden Plains","Managers",319,"F"
"378","22490","Golden Plains","Professionals",452,"F"
"379","22490","Golden Plains","Technicians and Trades Workers",132,"F"
"380","22490","Golden Plains","Community and Personal Service Workers",378,"F"
"381","22490","Golden Plains","Clerical and Administrative Workers",367,"F"
"382","22490","Golden Plains","Sales Workers",186,"F"
"383","22490","Golden Plains","Machinery Operators and Drivers",37,"F"
"384","22490","Golden Plains","Labourers",258,"F"
"385","22620","Greater Bendigo","Managers",3420,"M"
"386","22620","Greater Bendigo","Professionals",4248,"M"
"387","22620","Greater Bendigo","Technicians and Trades Workers",5556,"M"
"388","22620","Greater Bendigo","Community and Personal Service Workers",1787,"M"
"389","22620","Greater Bendigo","Clerical and Administrative Workers",1377,"M"
"390","22620","Greater Bendigo","Sales Workers",1774,"M"
"391","22620","Greater Bendigo","Machinery Operators and Drivers",2829,"M"
"392","22620","Greater Bendigo","Labourers",3518,"M"
"393","22620","Greater Bendigo","Managers",2315,"F"
"394","22620","Greater Bendigo","Professionals",7434,"F"
"395","22620","Greater Bendigo","Technicians and Trades Workers",1221,"F"
"396","22620","Greater Bendigo","Community and Personal Service Workers",5061,"F"
"397","22620","Greater Bendigo","Clerical and Administrative Workers",5089,"F"
"398","22620","Greater Bendigo","Sales Workers",3182,"F"
"399","22620","Greater Bendigo","Machinery Operators and Drivers",370,"F"
"400","22620","Greater Bendigo","Labourers",2084,"F"
"401","22670","Greater Dandenong","Managers",10757,"M"
"402","22670","Greater Dandenong","Professionals",7680,"M"
"403","22670","Greater Dandenong","Technicians and Trades Workers",14408,"M"
"404","22670","Greater Dandenong","Community and Personal Service Workers",2274,"M"
"405","22670","Greater Dandenong","Clerical and Administrative Workers",5216,"M"
"406","22670","Greater Dandenong","Sales Workers",4315,"M"
"407","22670","Greater Dandenong","Machinery Operators and Drivers",14996,"M"
"408","22670","Greater Dandenong","Labourers",8606,"M"
"409","22670","Greater Dandenong","Managers",4193,"F"
"410","22670","Greater Dandenong","Professionals",9528,"F"
"411","22670","Greater Dandenong","Technicians and Trades Workers",1638,"F"
"412","22670","Greater Dandenong","Community and Personal Service Workers",5321,"F"
"413","22670","Greater Dandenong","Clerical and Administrative Workers",10640,"F"
"414","22670","Greater Dandenong","Sales Workers",4102,"F"
"415","22670","Greater Dandenong","Machinery Operators and Drivers",2525,"F"
"416","22670","Greater Dandenong","Labourers",4348,"F"
"417","22750","Greater Geelong","Managers",7539,"M"
"418","22750","Greater Geelong","Professionals",10341,"M"
"419","22750","Greater Geelong","Technicians and Trades Workers",12973,"M"
"420","22750","Greater Geelong","Community and Personal Service Workers",4323,"M"
"421","22750","Greater Geelong","Clerical and Administrative Workers",2971,"M"
"422","22750","Greater Geelong","Sales Workers",4071,"M"
"423","22750","Greater Geelong","Machinery Operators and Drivers",5906,"M"
"424","22750","Greater Geelong","Labourers",6931,"M"
"425","22750","Greater Geelong","Managers",5529,"F"
"426","22750","Greater Geelong","Professionals",16995,"F"
"427","22750","Greater Geelong","Technicians and Trades Workers",3078,"F"
"428","22750","Greater Geelong","Community and Personal Service Workers",11923,"F"
"429","22750","Greater Geelong","Clerical and Administrative Workers",11070,"F"
"430","22750","Greater Geelong","Sales Workers",7178,"F"
"431","22750","Greater Geelong","Machinery Operators and Drivers",1072,"F"
"432","22750","Greater Geelong","Labourers",4010,"F"
"433","22830","Greater Shepparton","Managers",2782,"M"
"434","22830","Greater Shepparton","Professionals",2041,"M"
"435","22830","Greater Shepparton","Technicians and Trades Workers",3429,"M"
"436","22830","Greater Shepparton","Community and Personal Service Workers",880,"M"
"437","22830","Greater Shepparton","Clerical and Administrative Workers",686,"M"
"438","22830","Greater Shepparton","Sales Workers",1047,"M"
"439","22830","Greater Shepparton","Machinery Operators and Drivers",1914,"M"
"440","22830","Greater Shepparton","Labourers",2542,"M"
"441","22830","Greater Shepparton","Managers",1487,"F"
"442","22830","Greater Shepparton","Professionals",3874,"F"
"443","22830","Greater Shepparton","Technicians and Trades Workers",651,"F"
"444","22830","Greater Shepparton","Community and Personal Service Workers",2823,"F"
"445","22830","Greater Shepparton","Clerical and Administrative Workers",2923,"F"
"446","22830","Greater Shepparton","Sales Workers",1772,"F"
"447","22830","Greater Shepparton","Machinery Operators and Drivers",177,"F"
"448","22830","Greater Shepparton","Labourers",1596,"F"
"449","22910","Hepburn","Managers",612,"M"
"450","22910","Hepburn","Professionals",372,"M"
"451","22910","Hepburn","Technicians and Trades Workers",571,"M"
"452","22910","Hepburn","Community and Personal Service Workers",173,"M"
"453","22910","Hepburn","Clerical and Administrative Workers",83,"M"
"454","22910","Hepburn","Sales Workers",149,"M"
"455","22910","Hepburn","Machinery Operators and Drivers",152,"M"
"456","22910","Hepburn","Labourers",325,"M"
"457","22910","Hepburn","Managers",438,"F"
"458","22910","Hepburn","Professionals",597,"F"
"459","22910","Hepburn","Technicians and Trades Workers",182,"F"
"460","22910","Hepburn","Community and Personal Service Workers",586,"F"
"461","22910","Hepburn","Clerical and Administrative Workers",407,"F"
"462","22910","Hepburn","Sales Workers",280,"F"
"463","22910","Hepburn","Machinery Operators and Drivers",13,"F"
"464","22910","Hepburn","Labourers",296,"F"
"465","22980","Hindmarsh","Managers",413,"M"
"466","22980","Hindmarsh","Professionals",82,"M"
"467","22980","Hindmarsh","Technicians and Trades Workers",163,"M"
"468","22980","Hindmarsh","Community and Personal Service Workers",21,"M"
"469","22980","Hindmarsh","Clerical and Administrative Workers",23,"M"
"470","22980","Hindmarsh","Sales Workers",39,"M"
"471","22980","Hindmarsh","Machinery Operators and Drivers",181,"M"
"472","22980","Hindmarsh","Labourers",231,"M"
"473","22980","Hindmarsh","Managers",158,"F"
"474","22980","Hindmarsh","Professionals",244,"F"
"475","22980","Hindmarsh","Technicians and Trades Workers",38,"F"
"476","22980","Hindmarsh","Community and Personal Service Workers",199,"F"
"477","22980","Hindmarsh","Clerical and Administrative Workers",157,"F"
"478","22980","Hindmarsh","Sales Workers",69,"F"
"479","22980","Hindmarsh","Machinery Operators and Drivers",20,"F"
"480","22980","Hindmarsh","Labourers",138,"F"
"481","23110","Hobsons Bay","Managers",3218,"M"
"482","23110","Hobsons Bay","Professionals",2848,"M"
"483","23110","Hobsons Bay","Technicians and Trades Workers",4906,"M"
"484","23110","Hobsons Bay","Community and Personal Service Workers",1051,"M"
"485","23110","Hobsons Bay","Clerical and Administrative Workers",1208,"M"
"486","23110","Hobsons Bay","Sales Workers",1177,"M"
"487","23110","Hobsons Bay","Machinery Operators and Drivers",4171,"M"
"488","23110","Hobsons Bay","Labourers",2641,"M"
"489","23110","Hobsons Bay","Managers",1334,"F"
"490","23110","Hobsons Bay","Professionals",3412,"F"
"491","23110","Hobsons Bay","Technicians and Trades Workers",767,"F"
"492","23110","Hobsons Bay","Community and Personal Service Workers",2686,"F"
"493","23110","Hobsons Bay","Clerical and Administrative Workers",2833,"F"
"494","23110","Hobsons Bay","Sales Workers",1717,"F"
"495","23110","Hobsons Bay","Machinery Operators and Drivers",767,"F"
"496","23110","Hobsons Bay","Labourers",1157,"F"
"497","23190","Horsham","Managers",995,"M"
"498","23190","Horsham","Professionals",592,"M"
"499","23190","Horsham","Technicians and Trades Workers",1086,"M"
"500","23190","Horsham","Community and Personal Service Workers",325,"M"
"501","23190","Horsham","Clerical and Administrative Workers",202,"M"
"502","23190","Horsham","Sales Workers",358,"M"
"503","23190","Horsham","Machinery Operators and Drivers",530,"M"
"504","23190","Horsham","Labourers",624,"M"
"505","23190","Horsham","Managers",522,"F"
"506","23190","Horsham","Professionals",1251,"F"
"507","23190","Horsham","Technicians and Trades Workers",241,"F"
"508","23190","Horsham","Community and Personal Service Workers",914,"F"
"509","23190","Horsham","Clerical and Administrative Workers",917,"F"
"510","23190","Horsham","Sales Workers",593,"F"
"511","23190","Horsham","Machinery Operators and Drivers",50,"F"
"512","23190","Horsham","Labourers",386,"F"
"513","23270","Hume","Managers",8568,"M"
"514","23270","Hume","Professionals",7582,"M"
"515","23270","Hume","Technicians and Trades Workers",14026,"M"
"516","23270","Hume","Community and Personal Service Workers",3375,"M"
"517","23270","Hume","Clerical and Administrative Workers",5159,"M"
"518","23270","Hume","Sales Workers",3513,"M"
"519","23270","Hume","Machinery Operators and Drivers",12290,"M"
"520","23270","Hume","Labourers",8334,"M"
"521","23270","Hume","Managers",3789,"F"
"522","23270","Hume","Professionals",8116,"F"
"523","23270","Hume","Technicians and Trades Workers",1761,"F"
"524","23270","Hume","Community and Personal Service Workers",7443,"F"
"525","23270","Hume","Clerical and Administrative Workers",8989,"F"
"526","23270","Hume","Sales Workers",5295,"F"
"527","23270","Hume","Machinery Operators and Drivers",1604,"F"
"528","23270","Hume","Labourers",3602,"F"
"529","23350","Indigo","Managers",684,"M"
"530","23350","Indigo","Professionals",310,"M"
"531","23350","Indigo","Technicians and Trades Workers",515,"M"
"532","23350","Indigo","Community and Personal Service Workers",181,"M"
"533","23350","Indigo","Clerical and Administrative Workers",76,"M"
"534","23350","Indigo","Sales Workers",119,"M"
"535","23350","Indigo","Machinery Operators and Drivers",318,"M"
"536","23350","Indigo","Labourers",493,"M"
"537","23350","Indigo","Managers",417,"F"
"538","23350","Indigo","Professionals",530,"F"
"539","23350","Indigo","Technicians and Trades Workers",160,"F"
"540","23350","Indigo","Community and Personal Service Workers",551,"F"
"541","23350","Indigo","Clerical and Administrative Workers",341,"F"
"542","23350","Indigo","Sales Workers",252,"F"
"543","23350","Indigo","Machinery Operators and Drivers",38,"F"
"544","23350","Indigo","Labourers",353,"F"
"545","23430","Kingston (Vic.)","Managers",8342,"M"
"546","23430","Kingston (Vic.)","Professionals",6363,"M"
"547","23430","Kingston (Vic.)","Technicians and Trades Workers",10715,"M"
"548","23430","Kingston (Vic.)","Community and Personal Service Workers",2190,"M"
"549","23430","Kingston (Vic.)","Clerical and Administrative Workers",2835,"M"
"550","23430","Kingston (Vic.)","Sales Workers",3789,"M"
"551","23430","Kingston (Vic.)","Machinery Operators and Drivers",6122,"M"
"552","23430","Kingston (Vic.)","Labourers",5616,"M"
"553","23430","Kingston (Vic.)","Managers",4310,"F"
"554","23430","Kingston (Vic.)","Professionals",7761,"F"
"555","23430","Kingston (Vic.)","Technicians and Trades Workers",1770,"F"
"556","23430","Kingston (Vic.)","Community and Personal Service Workers",5791,"F"
"557","23430","Kingston (Vic.)","Clerical and Administrative Workers",7222,"F"
"558","23430","Kingston (Vic.)","Sales Workers",4912,"F"
"559","23430","Kingston (Vic.)","Machinery Operators and Drivers",1196,"F"
"560","23430","Kingston (Vic.)","Labourers",3154,"F"
"561","23670","Knox","Managers",6903,"M"
"562","23670","Knox","Professionals",6074,"M"
"563","23670","Knox","Technicians and Trades Workers",9099,"M"
"564","23670","Knox","Community and Personal Service Workers",1619,"M"
"565","23670","Knox","Clerical and Administrative Workers",2489,"M"
"566","23670","Knox","Sales Workers",2892,"M"
"567","23670","Knox","Machinery Operators and Drivers",4634,"M"
"568","23670","Knox","Labourers",4379,"M"
"569","23670","Knox","Managers",3521,"F"
"570","23670","Knox","Professionals",7406,"F"
"571","23670","Knox","Technicians and Trades Workers",1642,"F"
"572","23670","Knox","Community and Personal Service Workers",5128,"F"
"573","23670","Knox","Clerical and Administrative Workers",7252,"F"
"574","23670","Knox","Sales Workers",3906,"F"
"575","23670","Knox","Machinery Operators and Drivers",1178,"F"
"576","23670","Knox","Labourers",2544,"F"
"577","23810","Latrobe (Vic.)","Managers",1976,"M"
"578","23810","Latrobe (Vic.)","Professionals",2178,"M"
"579","23810","Latrobe (Vic.)","Technicians and Trades Workers",4527,"M"
"580","23810","Latrobe (Vic.)","Community and Personal Service Workers",1139,"M"
"581","23810","Latrobe (Vic.)","Clerical and Administrative Workers",953,"M"
"582","23810","Latrobe (Vic.)","Sales Workers",1067,"M"
"583","23810","Latrobe (Vic.)","Machinery Operators and Drivers",2229,"M"
"584","23810","Latrobe (Vic.)","Labourers",2136,"M"
"585","23810","Latrobe (Vic.)","Managers",1324,"F"
"586","23810","Latrobe (Vic.)","Professionals",4044,"F"
"587","23810","Latrobe (Vic.)","Technicians and Trades Workers",785,"F"
"588","23810","Latrobe (Vic.)","Community and Personal Service Workers",3386,"F"
"589","23810","Latrobe (Vic.)","Clerical and Administrative Workers",3752,"F"
"590","23810","Latrobe (Vic.)","Sales Workers",2020,"F"
"591","23810","Latrobe (Vic.)","Machinery Operators and Drivers",200,"F"
"592","23810","Latrobe (Vic.)","Labourers",1210,"F"
"593","23940","Loddon","Managers",702,"M"
"594","23940","Loddon","Professionals",90,"M"
"595","23940","Loddon","Technicians and Trades Workers",161,"M"
"596","23940","Loddon","Community and Personal Service Workers",38,"M"
"597","23940","Loddon","Clerical and Administrative Workers",43,"M"
"598","23940","Loddon","Sales Workers",41,"M"
"599","23940","Loddon","Machinery Operators and Drivers",205,"M"
"600","23940","Loddon","Labourers",278,"M"
"601","23940","Loddon","Managers",302,"F"
"602","23940","Loddon","Professionals",206,"F"
"603","23940","Loddon","Technicians and Trades Workers",40,"F"
"604","23940","Loddon","Community and Personal Service Workers",137,"F"
"605","23940","Loddon","Clerical and Administrative Workers",157,"F"
"606","23940","Loddon","Sales Workers",93,"F"
"607","23940","Loddon","Machinery Operators and Drivers",24,"F"
"608","23940","Loddon","Labourers",148,"F"
"609","24130","Macedon Ranges","Managers",1209,"M"
"610","24130","Macedon Ranges","Professionals",1139,"M"
"611","24130","Macedon Ranges","Technicians and Trades Workers",1823,"M"
"612","24130","Macedon Ranges","Community and Personal Service Workers",595,"M"
"613","24130","Macedon Ranges","Clerical and Administrative Workers",248,"M"
"614","24130","Macedon Ranges","Sales Workers",462,"M"
"615","24130","Macedon Ranges","Machinery Operators and Drivers",614,"M"
"616","24130","Macedon Ranges","Labourers",1003,"M"
"617","24130","Macedon Ranges","Managers",882,"F"
"618","24130","Macedon Ranges","Professionals",1924,"F"
"619","24130","Macedon Ranges","Technicians and Trades Workers",551,"F"
"620","24130","Macedon Ranges","Community and Personal Service Workers",1810,"F"
"621","24130","Macedon Ranges","Clerical and Administrative Workers",1436,"F"
"622","24130","Macedon Ranges","Sales Workers",1012,"F"
"623","24130","Macedon Ranges","Machinery Operators and Drivers",52,"F"
"624","24130","Macedon Ranges","Labourers",697,"F"
"625","24210","Manningham","Managers",2319,"M"
"626","24210","Manningham","Professionals",3023,"M"
"627","24210","Manningham","Technicians and Trades Workers",2549,"M"
"628","24210","Manningham","Community and Personal Service Workers",1442,"M"
"629","24210","Manningham","Clerical and Administrative Workers",712,"M"
"630","24210","Manningham","Sales Workers",1600,"M"
"631","24210","Manningham","Machinery Operators and Drivers",791,"M"
"632","24210","Manningham","Labourers",1433,"M"
"633","24210","Manningham","Managers",1759,"F"
"634","24210","Manningham","Professionals",4259,"F"
"635","24210","Manningham","Technicians and Trades Workers",823,"F"
"636","24210","Manningham","Community and Personal Service Workers",3828,"F"
"637","24210","Manningham","Clerical and Administrative Workers",2747,"F"
"638","24210","Manningham","Sales Workers",3046,"F"
"639","24210","Manningham","Machinery Operators and Drivers",93,"F"
"640","24210","Manningham","Labourers",857,"F"
"641","24250","Mansfield","Managers",445,"M"
"642","24250","Mansfield","Professionals",190,"M"
"643","24250","Mansfield","Technicians and Trades Workers",447,"M"
"644","24250","Mansfield","Community and Personal Service Workers",144,"M"
"645","24250","Mansfield","Clerical and Administrative Workers",53,"M"
"646","24250","Mansfield","Sales Workers",134,"M"
"647","24250","Mansfield","Machinery Operators and Drivers",207,"M"
"648","24250","Mansfield","Labourers",232,"M"
"649","24250","Mansfield","Managers",261,"F"
"650","24250","Mansfield","Professionals",438,"F"
"651","24250","Mansfield","Technicians and Trades Workers",115,"F"
"652","24250","Mansfield","Community and Personal Service Workers",367,"F"
"653","24250","Mansfield","Clerical and Administrative Workers",335,"F"
"654","24250","Mansfield","Sales Workers",270,"F"
"655","24250","Mansfield","Machinery Operators and Drivers",13,"F"
"656","24250","Mansfield","Labourers",209,"F"
"657","24330","Maribyrnong","Managers",3063,"M"
"658","24330","Maribyrnong","Professionals",4102,"M"
"659","24330","Maribyrnong","Technicians and Trades Workers",3451,"M"
"660","24330","Maribyrnong","Community and Personal Service Workers",1486,"M"
"661","24330","Maribyrnong","Clerical and Administrative Workers",1241,"M"
"662","24330","Maribyrnong","Sales Workers",1822,"M"
"663","24330","Maribyrnong","Machinery Operators and Drivers",2800,"M"
"664","24330","Maribyrnong","Labourers",2320,"M"
"665","24330","Maribyrnong","Managers",2335,"F"
"666","24330","Maribyrnong","Professionals",6150,"F"
"667","24330","Maribyrnong","Technicians and Trades Workers",869,"F"
"668","24330","Maribyrnong","Community and Personal Service Workers",3628,"F"
"669","24330","Maribyrnong","Clerical and Administrative Workers",3340,"F"
"670","24330","Maribyrnong","Sales Workers",3301,"F"
"671","24330","Maribyrnong","Machinery Operators and Drivers",477,"F"
"672","24330","Maribyrnong","Labourers",1401,"F"
"673","24410","Maroondah","Managers",3572,"M"
"674","24410","Maroondah","Professionals",3834,"M"
"675","24410","Maroondah","Technicians and Trades Workers",5627,"M"
"676","24410","Maroondah","Community and Personal Service Workers",1318,"M"
"677","24410","Maroondah","Clerical and Administrative Workers",1128,"M"
"678","24410","Maroondah","Sales Workers",2038,"M"
"679","24410","Maroondah","Machinery Operators and Drivers",2156,"M"
"680","24410","Maroondah","Labourers",2998,"M"
"681","24410","Maroondah","Managers",2045,"F"
"682","24410","Maroondah","Professionals",5775,"F"
"683","24410","Maroondah","Technicians and Trades Workers",1108,"F"
"684","24410","Maroondah","Community and Personal Service Workers",4447,"F"
"685","24410","Maroondah","Clerical and Administrative Workers",4372,"F"
"686","24410","Maroondah","Sales Workers",3392,"F"
"687","24410","Maroondah","Machinery Operators and Drivers",339,"F"
"688","24410","Maroondah","Labourers",1687,"F"
"689","24600","Melbourne","Managers",51039,"M"
"690","24600","Melbourne","Professionals",112874,"M"
"691","24600","Melbourne","Technicians and Trades Workers",21831,"M"
"692","24600","Melbourne","Community and Personal Service Workers",14988,"M"
"693","24600","Melbourne","Clerical and Administrative Workers",29745,"M"
"694","24600","Melbourne","Sales Workers",9798,"M"
"695","24600","Melbourne","Machinery Operators and Drivers",6111,"M"
"696","24600","Melbourne","Labourers",10234,"M"
"697","24600","Melbourne","Managers",39291,"F"
"698","24600","Melbourne","Professionals",99722,"F"
"699","24600","Melbourne","Technicians and Trades Workers",6815,"F"
"700","24600","Melbourne","Community and Personal Service Workers",15970,"F"
"701","24600","Melbourne","Clerical and Administrative Workers",55571,"F"
"702","24600","Melbourne","Sales Workers",11669,"F"
"703","24600","Melbourne","Machinery Operators and Drivers",1136,"F"
"704","24600","Melbourne","Labourers",6386,"F"
"705","24650","Melton","Managers",2259,"M"
"706","24650","Melton","Professionals",2294,"M"
"707","24650","Melton","Technicians and Trades Workers",4463,"M"
"708","24650","Melton","Community and Personal Service Workers",1707,"M"
"709","24650","Melton","Clerical and Administrative Workers",967,"M"
"710","24650","Melton","Sales Workers",1547,"M"
"711","24650","Melton","Machinery Operators and Drivers",3112,"M"
"712","24650","Melton","Labourers",2525,"M"
"713","24650","Melton","Managers",1393,"F"
"714","24650","Melton","Professionals",4086,"F"
"715","24650","Melton","Technicians and Trades Workers",752,"F"
"716","24650","Melton","Community and Personal Service Workers",4200,"F"
"717","24650","Melton","Clerical and Administrative Workers",3112,"F"
"718","24650","Melton","Sales Workers",2781,"F"
"719","24650","Melton","Machinery Operators and Drivers",576,"F"
"720","24650","Melton","Labourers",1130,"F"
"721","24780","Mildura","Managers",2238,"M"
"722","24780","Mildura","Professionals",1385,"M"
"723","24780","Mildura","Technicians and Trades Workers",2461,"M"
"724","24780","Mildura","Community and Personal Service Workers",749,"M"
"725","24780","Mildura","Clerical and Administrative Workers",457,"M"
"726","24780","Mildura","Sales Workers",849,"M"
"727","24780","Mildura","Machinery Operators and Drivers",1386,"M"
"728","24780","Mildura","Labourers",1922,"M"
"729","24780","Mildura","Managers",1211,"F"
"730","24780","Mildura","Professionals",2733,"F"
"731","24780","Mildura","Technicians and Trades Workers",521,"F"
"732","24780","Mildura","Community and Personal Service Workers",2278,"F"
"733","24780","Mildura","Clerical and Administrative Workers",2175,"F"
"734","24780","Mildura","Sales Workers",1586,"F"
"735","24780","Mildura","Machinery Operators and Drivers",119,"F"
"736","24780","Mildura","Labourers",1263,"F"
"737","24850","Mitchell","Managers",1022,"M"
"738","24850","Mitchell","Professionals",771,"M"
"739","24850","Mitchell","Technicians and Trades Workers",1501,"M"
"740","24850","Mitchell","Community and Personal Service Workers",694,"M"
"741","24850","Mitchell","Clerical and Administrative Workers",246,"M"
"742","24850","Mitchell","Sales Workers",434,"M"
"743","24850","Mitchell","Machinery Operators and Drivers",761,"M"
"744","24850","Mitchell","Labourers",1022,"M"
"745","24850","Mitchell","Managers",675,"F"
"746","24850","Mitchell","Professionals",1522,"F"
"747","24850","Mitchell","Technicians and Trades Workers",393,"F"
"748","24850","Mitchell","Community and Personal Service Workers",1503,"F"
"749","24850","Mitchell","Clerical and Administrative Workers",1205,"F"
"750","24850","Mitchell","Sales Workers",897,"F"
"751","24850","Mitchell","Machinery Operators and Drivers",92,"F"
"752","24850","Mitchell","Labourers",688,"F"
"753","24900","Moira","Managers",1453,"M"
"754","24900","Moira","Professionals",486,"M"
"755","24900","Moira","Technicians and Trades Workers",1255,"M"
"756","24900","Moira","Community and Personal Service Workers",201,"M"
"757","24900","Moira","Clerical and Administrative Workers",134,"M"
"758","24900","Moira","Sales Workers",313,"M"
"759","24900","Moira","Machinery Operators and Drivers",722,"M"
"760","24900","Moira","Labourers",1164,"M"
"761","24900","Moira","Managers",712,"F"
"762","24900","Moira","Professionals",1023,"F"
"763","24900","Moira","Technicians and Trades Workers",251,"F"
"764","24900","Moira","Community and Personal Service Workers",1022,"F"
"765","24900","Moira","Clerical and Administrative Workers",944,"F"
"766","24900","Moira","Sales Workers",665,"F"
"767","24900","Moira","Machinery Operators and Drivers",70,"F"
"768","24900","Moira","Labourers",775,"F"
"769","24970","Monash","Managers",10471,"M"
"770","24970","Monash","Professionals",16044,"M"
"771","24970","Monash","Technicians and Trades Workers",10722,"M"
"772","24970","Monash","Community and Personal Service Workers",3562,"M"
"773","24970","Monash","Clerical and Administrative Workers",4654,"M"
"774","24970","Monash","Sales Workers",4139,"M"
"775","24970","Monash","Machinery Operators and Drivers",4527,"M"
"776","24970","Monash","Labourers",4533,"M"
"777","24970","Monash","Managers",6162,"F"
"778","24970","Monash","Professionals",19575,"F"
"779","24970","Monash","Technicians and Trades Workers",2674,"F"
"780","24970","Monash","Community and Personal Service Workers",7406,"F"
"781","24970","Monash","Clerical and Administrative Workers",11527,"F"
"782","24970","Monash","Sales Workers",4809,"F"
"783","24970","Monash","Machinery Operators and Drivers",831,"F"
"784","24970","Monash","Labourers",2779,"F"
"785","25060","Moonee Valley","Managers",2861,"M"
"786","25060","Moonee Valley","Professionals",4199,"M"
"787","25060","Moonee Valley","Technicians and Trades Workers",3778,"M"
"788","25060","Moonee Valley","Community and Personal Service Workers",1788,"M"
"789","25060","Moonee Valley","Clerical and Administrative Workers",1495,"M"
"790","25060","Moonee Valley","Sales Workers",1659,"M"
"791","25060","Moonee Valley","Machinery Operators and Drivers",985,"M"
"792","25060","Moonee Valley","Labourers",1829,"M"
"793","25060","Moonee Valley","Managers",2028,"F"
"794","25060","Moonee Valley","Professionals",5336,"F"
"795","25060","Moonee Valley","Technicians and Trades Workers",1015,"F"
"796","25060","Moonee Valley","Community and Personal Service Workers",4240,"F"
"797","25060","Moonee Valley","Clerical and Administrative Workers",4280,"F"
"798","25060","Moonee Valley","Sales Workers",3085,"F"
"799","25060","Moonee Valley","Machinery Operators and Drivers",187,"F"
"800","25060","Moonee Valley","Labourers",972,"F"
"801","25150","Moorabool","Managers",797,"M"
"802","25150","Moorabool","Professionals",565,"M"
"803","25150","Moorabool","Technicians and Trades Workers",1188,"M"
"804","25150","Moorabool","Community and Personal Service Workers",265,"M"
"805","25150","Moorabool","Clerical and Administrative Workers",163,"M"
"806","25150","Moorabool","Sales Workers",269,"M"
"807","25150","Moorabool","Machinery Operators and Drivers",700,"M"
"808","25150","Moorabool","Labourers",679,"M"
"809","25150","Moorabool","Managers",470,"F"
"810","25150","Moorabool","Professionals",1090,"F"
"811","25150","Moorabool","Technicians and Trades Workers",290,"F"
"812","25150","Moorabool","Community and Personal Service Workers",1028,"F"
"813","25150","Moorabool","Clerical and Administrative Workers",899,"F"
"814","25150","Moorabool","Sales Workers",626,"F"
"815","25150","Moorabool","Machinery Operators and Drivers",74,"F"
"816","25150","Moorabool","Labourers",467,"F"
"817","25250","Moreland","Managers",3157,"M"
"818","25250","Moreland","Professionals",4442,"M"
"819","25250","Moreland","Technicians and Trades Workers",4687,"M"
"820","25250","Moreland","Community and Personal Service Workers",1996,"M"
"821","25250","Moreland","Clerical and Administrative Workers",1084,"M"
"822","25250","Moreland","Sales Workers",1690,"M"
"823","25250","Moreland","Machinery Operators and Drivers",1843,"M"
"824","25250","Moreland","Labourers",2334,"M"
"825","25250","Moreland","Managers",2115,"F"
"826","25250","Moreland","Professionals",6557,"F"
"827","25250","Moreland","Technicians and Trades Workers",1190,"F"
"828","25250","Moreland","Community and Personal Service Workers",5052,"F"
"829","25250","Moreland","Clerical and Administrative Workers",3543,"F"
"830","25250","Moreland","Sales Workers",2177,"F"
"831","25250","Moreland","Machinery Operators and Drivers",327,"F"
"832","25250","Moreland","Labourers",1278,"F"
"833","25340","Mornington Peninsula","Managers",4304,"M"
"834","25340","Mornington Peninsula","Professionals",3815,"M"
"835","25340","Mornington Peninsula","Technicians and Trades Workers",7897,"M"
"836","25340","Mornington Peninsula","Community and Personal Service Workers",2290,"M"
"837","25340","Mornington Peninsula","Clerical and Administrative Workers",889,"M"
"838","25340","Mornington Peninsula","Sales Workers",2272,"M"
"839","25340","Mornington Peninsula","Machinery Operators and Drivers",1794,"M"
"840","25340","Mornington Peninsula","Labourers",3655,"M"
"841","25340","Mornington Peninsula","Managers",3098,"F"
"842","25340","Mornington Peninsula","Professionals",6515,"F"
"843","25340","Mornington Peninsula","Technicians and Trades Workers",1902,"F"
"844","25340","Mornington Peninsula","Community and Personal Service Workers",6867,"F"
"845","25340","Mornington Peninsula","Clerical and Administrative Workers",5030,"F"
"846","25340","Mornington Peninsula","Sales Workers",4207,"F"
"847","25340","Mornington Peninsula","Machinery Operators and Drivers",299,"F"
"848","25340","Mornington Peninsula","Labourers",2607,"F"
"849","25430","Mount Alexander","Managers",596,"M"
"850","25430","Mount Alexander","Professionals",589,"M"
"851","25430","Mount Alexander","Technicians and Trades Workers",796,"M"
"852","25430","Mount Alexander","Community and Personal Service Workers",389,"M"
"853","25430","Mount Alexander","Clerical and Administrative Workers",142,"M"
"854","25430","Mount Alexander","Sales Workers",198,"M"
"855","25430","Mount Alexander","Machinery Operators and Drivers",348,"M"
"856","25430","Mount Alexander","Labourers",809,"M"
"857","25430","Mount Alexander","Managers",426,"F"
"858","25430","Mount Alexander","Professionals",956,"F"
"859","25430","Mount Alexander","Technicians and Trades Workers",207,"F"
"860","25430","Mount Alexander","Community and Personal Service Workers",652,"F"
"861","25430","Mount Alexander","Clerical and Administrative Workers",538,"F"
"862","25430","Mount Alexander","Sales Workers",342,"F"
"863","25430","Mount Alexander","Machinery Operators and Drivers",14,"F"
"864","25430","Mount Alexander","Labourers",531,"F"
"865","25490","Moyne","Managers",1410,"M"
"866","25490","Moyne","Professionals",261,"M"
"867","25490","Moyne","Technicians and Trades Workers",664,"M"
"868","25490","Moyne","Community and Personal Service Workers",96,"M"
"869","25490","Moyne","Clerical and Administrative Workers",90,"M"
"870","25490","Moyne","Sales Workers",110,"M"
"871","25490","Moyne","Machinery Operators and Drivers",458,"M"
"872","25490","Moyne","Labourers",789,"M"
"873","25490","Moyne","Managers",683,"F"
"874","25490","Moyne","Professionals",402,"F"
"875","25490","Moyne","Technicians and Trades Workers",135,"F"
"876","25490","Moyne","Community and Personal Service Workers",394,"F"
"877","25490","Moyne","Clerical and Administrative Workers",332,"F"
"878","25490","Moyne","Sales Workers",199,"F"
"879","25490","Moyne","Machinery Operators and Drivers",28,"F"
"880","25490","Moyne","Labourers",427,"F"
"881","25620","Murrindindi","Managers",630,"M"
"882","25620","Murrindindi","Professionals",254,"M"
"883","25620","Murrindindi","Technicians and Trades Workers",582,"M"
"884","25620","Murrindindi","Community and Personal Service Workers",170,"M"
"885","25620","Murrindindi","Clerical and Administrative Workers",53,"M"
"886","25620","Murrindindi","Sales Workers",105,"M"
"887","25620","Murrindindi","Machinery Operators and Drivers",217,"M"
"888","25620","Murrindindi","Labourers",342,"M"
"889","25620","Murrindindi","Managers",394,"F"
"890","25620","Murrindindi","Professionals",443,"F"
"891","25620","Murrindindi","Technicians and Trades Workers",137,"F"
"892","25620","Murrindindi","Community and Personal Service Workers",450,"F"
"893","25620","Murrindindi","Clerical and Administrative Workers",403,"F"
"894","25620","Murrindindi","Sales Workers",206,"F"
"895","25620","Murrindindi","Machinery Operators and Drivers",21,"F"
"896","25620","Murrindindi","Labourers",261,"F"
"897","25710","Nillumbik","Managers",1066,"M"
"898","25710","Nillumbik","Professionals",1398,"M"
"899","25710","Nillumbik","Technicians and Trades Workers",1802,"M"
"900","25710","Nillumbik","Community and Personal Service Workers",516,"M"
"901","25710","Nillumbik","Clerical and Administrative Workers",263,"M"
"902","25710","Nillumbik","Sales Workers",514,"M"
"903","25710","Nillumbik","Machinery Operators and Drivers",392,"M"
"904","25710","Nillumbik","Labourers",779,"M"
"905","25710","Nillumbik","Managers",793,"F"
"906","25710","Nillumbik","Professionals",2155,"F"
"907","25710","Nillumbik","Technicians and Trades Workers",473,"F"
"908","25710","Nillumbik","Community and Personal Service Workers",1908,"F"
"909","25710","Nillumbik","Clerical and Administrative Workers",1489,"F"
"910","25710","Nillumbik","Sales Workers",824,"F"
"911","25710","Nillumbik","Machinery Operators and Drivers",56,"F"
"912","25710","Nillumbik","Labourers",350,"F"
"913","25810","Northern Grampians","Managers",637,"M"
"914","25810","Northern Grampians","Professionals",201,"M"
"915","25810","Northern Grampians","Technicians and Trades Workers",473,"M"
"916","25810","Northern Grampians","Community and Personal Service Workers",199,"M"
"917","25810","Northern Grampians","Clerical and Administrative Workers",67,"M"
"918","25810","Northern Grampians","Sales Workers",119,"M"
"919","25810","Northern Grampians","Machinery Operators and Drivers",350,"M"
"920","25810","Northern Grampians","Labourers",548,"M"
"921","25810","Northern Grampians","Managers",317,"F"
"922","25810","Northern Grampians","Professionals",434,"F"
"923","25810","Northern Grampians","Technicians and Trades Workers",116,"F"
"924","25810","Northern Grampians","Community and Personal Service Workers",546,"F"
"925","25810","Northern Grampians","Clerical and Administrative Workers",374,"F"
"926","25810","Northern Grampians","Sales Workers",241,"F"
"927","25810","Northern Grampians","Machinery Operators and Drivers",24,"F"
"928","25810","Northern Grampians","Labourers",340,"F"
"929","25900","Port Phillip","Managers",9340,"M"
"930","25900","Port Phillip","Professionals",13550,"M"
"931","25900","Port Phillip","Technicians and Trades Workers",6063,"M"
"932","25900","Port Phillip","Community and Personal Service Workers",2353,"M"
"933","25900","Port Phillip","Clerical and Administrative Workers",3485,"M"
"934","25900","Port Phillip","Sales Workers",2818,"M"
"935","25900","Port Phillip","Machinery Operators and Drivers",2153,"M"
"936","25900","Port Phillip","Labourers",2349,"M"
"937","25900","Port Phillip","Managers",6028,"F"
"938","25900","Port Phillip","Professionals",11683,"F"
"939","25900","Port Phillip","Technicians and Trades Workers",1494,"F"
"940","25900","Port Phillip","Community and Personal Service Workers",4308,"F"
"941","25900","Port Phillip","Clerical and Administrative Workers",7185,"F"
"942","25900","Port Phillip","Sales Workers",2883,"F"
"943","25900","Port Phillip","Machinery Operators and Drivers",336,"F"
"944","25900","Port Phillip","Labourers",1009,"F"
"945","25990","Pyrenees","Managers",440,"M"
"946","25990","Pyrenees","Professionals",103,"M"
"947","25990","Pyrenees","Technicians and Trades Workers",165,"M"
"948","25990","Pyrenees","Community and Personal Service Workers",143,"M"
"949","25990","Pyrenees","Clerical and Administrative Workers",23,"M"
"950","25990","Pyrenees","Sales Workers",34,"M"
"951","25990","Pyrenees","Machinery Operators and Drivers",124,"M"
"952","25990","Pyrenees","Labourers",173,"M"
"953","25990","Pyrenees","Managers",188,"F"
"954","25990","Pyrenees","Professionals",164,"F"
"955","25990","Pyrenees","Technicians and Trades Workers",51,"F"
"956","25990","Pyrenees","Community and Personal Service Workers",196,"F"
"957","25990","Pyrenees","Clerical and Administrative Workers",157,"F"
"958","25990","Pyrenees","Sales Workers",76,"F"
"959","25990","Pyrenees","Machinery Operators and Drivers",6,"F"
"960","25990","Pyrenees","Labourers",85,"F"
"961","26080","Queenscliffe","Managers",118,"M"
"962","26080","Queenscliffe","Professionals",177,"M"
"963","26080","Queenscliffe","Technicians and Trades Workers",164,"M"
"964","26080","Queenscliffe","Community and Personal Service Workers",59,"M"
"965","26080","Queenscliffe","Clerical and Administrative Workers",37,"M"
"966","26080","Queenscliffe","Sales Workers",43,"M"
"967","26080","Queenscliffe","Machinery Operators and Drivers",12,"M"
"968","26080","Queenscliffe","Labourers",101,"M"
"969","26080","Queenscliffe","Managers",119,"F"
"970","26080","Queenscliffe","Professionals",191,"F"
"971","26080","Queenscliffe","Technicians and Trades Workers",58,"F"
"972","26080","Queenscliffe","Community and Personal Service Workers",173,"F"
"973","26080","Queenscliffe","Clerical and Administrative Workers",165,"F"
"974","26080","Queenscliffe","Sales Workers",83,"F"
"975","26080","Queenscliffe","Machinery Operators and Drivers",3,"F"
"976","26080","Queenscliffe","Labourers",62,"F"
"977","26170","South Gippsland","Managers",1548,"M"
"978","26170","South Gippsland","Professionals",672,"M"
"979","26170","South Gippsland","Technicians and Trades Workers",1216,"M"
"980","26170","South Gippsland","Community and Personal Service Workers",211,"M"
"981","26170","South Gippsland","Clerical and Administrative Workers",159,"M"
"982","26170","South Gippsland","Sales Workers",339,"M"
"983","26170","South Gippsland","Machinery Operators and Drivers",730,"M"
"984","26170","South Gippsland","Labourers",937,"M"
"985","26170","South Gippsland","Managers",910,"F"
"986","26170","South Gippsland","Professionals",1165,"F"
"987","26170","South Gippsland","Technicians and Trades Workers",296,"F"
"988","26170","South Gippsland","Community and Personal Service Workers",1004,"F"
"989","26170","South Gippsland","Clerical and Administrative Workers",992,"F"
"990","26170","South Gippsland","Sales Workers",628,"F"
"991","26170","South Gippsland","Machinery Operators and Drivers",55,"F"
"992","26170","South Gippsland","Labourers",533,"F"
"993","26260","Southern Grampians","Managers",1044,"M"
"994","26260","Southern Grampians","Professionals",436,"M"
"995","26260","Southern Grampians","Technicians and Trades Workers",762,"M"
"996","26260","Southern Grampians","Community and Personal Service Workers",209,"M"
"997","26260","Southern Grampians","Clerical and Administrative Workers",132,"M"
"998","26260","Southern Grampians","Sales Workers",285,"M"
"999","26260","Southern Grampians","Machinery Operators and Drivers",332,"M"
"1000","26260","Southern Grampians","Labourers",550,"M"
"1001","26260","Southern Grampians","Managers",571,"F"
"1002","26260","Southern Grampians","Professionals",908,"F"
"1003","26260","Southern Grampians","Technicians and Trades Workers",170,"F"
"1004","26260","Southern Grampians","Community and Personal Service Workers",708,"F"
"1005","26260","Southern Grampians","Clerical and Administrative Workers",661,"F"
"1006","26260","Southern Grampians","Sales Workers",410,"F"
"1007","26260","Southern Grampians","Machinery Operators and Drivers",29,"F"
"1008","26260","Southern Grampians","Labourers",353,"F"
"1009","26350","Stonnington","Managers",4862,"M"
"1010","26350","Stonnington","Professionals",7566,"M"
"1011","26350","Stonnington","Technicians and Trades Workers",4027,"M"
"1012","26350","Stonnington","Community and Personal Service Workers",2298,"M"
"1013","26350","Stonnington","Clerical and Administrative Workers",1418,"M"
"1014","26350","Stonnington","Sales Workers",2963,"M"
"1015","26350","Stonnington","Machinery Operators and Drivers",681,"M"
"1016","26350","Stonnington","Labourers",1999,"M"
"1017","26350","Stonnington","Managers",4500,"F"
"1018","26350","Stonnington","Professionals",9896,"F"
"1019","26350","Stonnington","Technicians and Trades Workers",1679,"F"
"1020","26350","Stonnington","Community and Personal Service Workers",5393,"F"
"1021","26350","Stonnington","Clerical and Administrative Workers",5085,"F"
"1022","26350","Stonnington","Sales Workers",5720,"F"
"1023","26350","Stonnington","Machinery Operators and Drivers",205,"F"
"1024","26350","Stonnington","Labourers",1426,"F"
"1025","26430","Strathbogie","Managers",617,"M"
"1026","26430","Strathbogie","Professionals",172,"M"
"1027","26430","Strathbogie","Technicians and Trades Workers",423,"M"
"1028","26430","Strathbogie","Community and Personal Service Workers",97,"M"
"1029","26430","Strathbogie","Clerical and Administrative Workers",58,"M"
"1030","26430","Strathbogie","Sales Workers",101,"M"
"1031","26430","Strathbogie","Machinery Operators and Drivers",157,"M"
"1032","26430","Strathbogie","Labourers",396,"M"
"1033","26430","Strathbogie","Managers",362,"F"
"1034","26430","Strathbogie","Professionals",300,"F"
"1035","26430","Strathbogie","Technicians and Trades Workers",128,"F"
"1036","26430","Strathbogie","Community and Personal Service Workers",360,"F"
"1037","26430","Strathbogie","Clerical and Administrative Workers",277,"F"
"1038","26430","Strathbogie","Sales Workers",178,"F"
"1039","26430","Strathbogie","Machinery Operators and Drivers",12,"F"
"1040","26430","Strathbogie","Labourers",316,"F"
"1041","26490","Surf Coast","Managers",1208,"M"
"1042","26490","Surf Coast","Professionals",914,"M"
"1043","26490","Surf Coast","Technicians and Trades Workers",1384,"M"
"1044","26490","Surf Coast","Community and Personal Service Workers",398,"M"
"1045","26490","Surf Coast","Clerical and Administrative Workers",186,"M"
"1046","26490","Surf Coast","Sales Workers",436,"M"
"1047","26490","Surf Coast","Machinery Operators and Drivers",276,"M"
"1048","26490","Surf Coast","Labourers",711,"M"
"1049","26490","Surf Coast","Managers",765,"F"
"1050","26490","Surf Coast","Professionals",1354,"F"
"1051","26490","Surf Coast","Technicians and Trades Workers",333,"F"
"1052","26490","Surf Coast","Community and Personal Service Workers",1349,"F"
"1053","26490","Surf Coast","Clerical and Administrative Workers",958,"F"
"1054","26490","Surf Coast","Sales Workers",807,"F"
"1055","26490","Surf Coast","Machinery Operators and Drivers",32,"F"
"1056","26490","Surf Coast","Labourers",500,"F"
"1057","26610","Swan Hill","Managers",1257,"M"
"1058","26610","Swan Hill","Professionals",505,"M"
"1059","26610","Swan Hill","Technicians and Trades Workers",1023,"M"
"1060","26610","Swan Hill","Community and Personal Service Workers",219,"M"
"1061","26610","Swan Hill","Clerical and Administrative Workers",155,"M"
"1062","26610","Swan Hill","Sales Workers",329,"M"
"1063","26610","Swan Hill","Machinery Operators and Drivers",589,"M"
"1064","26610","Swan Hill","Labourers",1117,"M"
"1065","26610","Swan Hill","Managers",524,"F"
"1066","26610","Swan Hill","Professionals",1026,"F"
"1067","26610","Swan Hill","Technicians and Trades Workers",203,"F"
"1068","26610","Swan Hill","Community and Personal Service Workers",843,"F"
"1069","26610","Swan Hill","Clerical and Administrative Workers",869,"F"
"1070","26610","Swan Hill","Sales Workers",508,"F"
"1071","26610","Swan Hill","Machinery Operators and Drivers",52,"F"
"1072","26610","Swan Hill","Labourers",649,"F"
"1073","26670","Towong","Managers",420,"M"
"1074","26670","Towong","Professionals",111,"M"
"1075","26670","Towong","Technicians and Trades Workers",153,"M"
"1076","26670","Towong","Community and Personal Service Workers",65,"M"
"1077","26670","Towong","Clerical and Administrative Workers",14,"M"
"1078","26670","Towong","Sales Workers",44,"M"
"1079","26670","Towong","Machinery Operators and Drivers",108,"M"
"1080","26670","Towong","Labourers",197,"M"
"1081","26670","Towong","Managers",263,"F"
"1082","26670","Towong","Professionals",224,"F"
"1083","26670","Towong","Technicians and Trades Workers",58,"F"
"1084","26670","Towong","Community and Personal Service Workers",175,"F"
"1085","26670","Towong","Clerical and Administrative Workers",167,"F"
"1086","26670","Towong","Sales Workers",77,"F"
"1087","26670","Towong","Machinery Operators and Drivers",14,"F"
"1088","26670","Towong","Labourers",120,"F"
"1089","26700","Wangaratta","Managers",1195,"M"
"1090","26700","Wangaratta","Professionals",816,"M"
"1091","26700","Wangaratta","Technicians and Trades Workers",1424,"M"
"1092","26700","Wangaratta","Community and Personal Service Workers",447,"M"
"1093","26700","Wangaratta","Clerical and Administrative Workers",234,"M"
"1094","26700","Wangaratta","Sales Workers",403,"M"
"1095","26700","Wangaratta","Machinery Operators and Drivers",691,"M"
"1096","26700","Wangaratta","Labourers",971,"M"
"1097","26700","Wangaratta","Managers",752,"F"
"1098","26700","Wangaratta","Professionals",2000,"F"
"1099","26700","Wangaratta","Technicians and Trades Workers",332,"F"
"1100","26700","Wangaratta","Community and Personal Service Workers",1379,"F"
"1101","26700","Wangaratta","Clerical and Administrative Workers",1204,"F"
"1102","26700","Wangaratta","Sales Workers",806,"F"
"1103","26700","Wangaratta","Machinery Operators and Drivers",103,"F"
"1104","26700","Wangaratta","Labourers",580,"F"
"1105","26730","Warrnambool","Managers",1002,"M"
"1106","26730","Warrnambool","Professionals",1252,"M"
"1107","26730","Warrnambool","Technicians and Trades Workers",1763,"M"
"1108","26730","Warrnambool","Community and Personal Service Workers",647,"M"
"1109","26730","Warrnambool","Clerical and Administrative Workers",368,"M"
"1110","26730","Warrnambool","Sales Workers",728,"M"
"1111","26730","Warrnambool","Machinery Operators and Drivers",749,"M"
"1112","26730","Warrnambool","Labourers",1214,"M"
"1113","26730","Warrnambool","Managers",723,"F"
"1114","26730","Warrnambool","Professionals",2492,"F"
"1115","26730","Warrnambool","Technicians and Trades Workers",468,"F"
"1116","26730","Warrnambool","Community and Personal Service Workers",1907,"F"
"1117","26730","Warrnambool","Clerical and Administrative Workers",1698,"F"
"1118","26730","Warrnambool","Sales Workers",1276,"F"
"1119","26730","Warrnambool","Machinery Operators and Drivers",86,"F"
"1120","26730","Warrnambool","Labourers",836,"F"
"1121","26810","Wellington","Managers",1894,"M"
"1122","26810","Wellington","Professionals",1177,"M"
"1123","26810","Wellington","Technicians and Trades Workers",2115,"M"
"1124","26810","Wellington","Community and Personal Service Workers",696,"M"
"1125","26810","Wellington","Clerical and Administrative Workers",259,"M"
"1126","26810","Wellington","Sales Workers",486,"M"
"1127","26810","Wellington","Machinery Operators and Drivers",945,"M"
"1128","26810","Wellington","Labourers",1258,"M"
"1129","26810","Wellington","Managers",1122,"F"
"1130","26810","Wellington","Professionals",1879,"F"
"1131","26810","Wellington","Technicians and Trades Workers",471,"F"
"1132","26810","Wellington","Community and Personal Service Workers",1793,"F"
"1133","26810","Wellington","Clerical and Administrative Workers",1400,"F"
"1134","26810","Wellington","Sales Workers",958,"F"
"1135","26810","Wellington","Machinery Operators and Drivers",101,"F"
"1136","26810","Wellington","Labourers",825,"F"
"1137","26890","West Wimmera","Managers",542,"M"
"1138","26890","West Wimmera","Professionals",50,"M"
"1139","26890","West Wimmera","Technicians and Trades Workers",116,"M"
"1140","26890","West Wimmera","Community and Personal Service Workers",29,"M"
"1141","26890","West Wimmera","Clerical and Administrative Workers",17,"M"
"1142","26890","West Wimmera","Sales Workers",23,"M"
"1143","26890","West Wimmera","Machinery Operators and Drivers",92,"M"
"1144","26890","West Wimmera","Labourers",146,"M"
"1145","26890","West Wimmera","Managers",228,"F"
"1146","26890","West Wimmera","Professionals",152,"F"
"1147","26890","West Wimmera","Technicians and Trades Workers",21,"F"
"1148","26890","West Wimmera","Community and Personal Service Workers",94,"F"
"1149","26890","West Wimmera","Clerical and Administrative Workers",96,"F"
"1150","26890","West Wimmera","Sales Workers",32,"F"
"1151","26890","West Wimmera","Machinery Operators and Drivers",13,"F"
"1152","26890","West Wimmera","Labourers",85,"F"
"1153","26980","Whitehorse","Managers",5495,"M"
"1154","26980","Whitehorse","Professionals",9728,"M"
"1155","26980","Whitehorse","Technicians and Trades Workers",5768,"M"
"1156","26980","Whitehorse","Community and Personal Service Workers",2714,"M"
"1157","26980","Whitehorse","Clerical and Administrative Workers",2616,"M"
"1158","26980","Whitehorse","Sales Workers",2810,"M"
"1159","26980","Whitehorse","Machinery Operators and Drivers",1751,"M"
"1160","26980","Whitehorse","Labourers",2734,"M"
"1161","26980","Whitehorse","Managers",3831,"F"
"1162","26980","Whitehorse","Professionals",14179,"F"
"1163","26980","Whitehorse","Technicians and Trades Workers",1568,"F"
"1164","26980","Whitehorse","Community and Personal Service Workers",6419,"F"
"1165","26980","Whitehorse","Clerical and Administrative Workers",8049,"F"
"1166","26980","Whitehorse","Sales Workers",3644,"F"
"1167","26980","Whitehorse","Machinery Operators and Drivers",363,"F"
"1168","26980","Whitehorse","Labourers",1656,"F"
"1169","27070","Whittlesea","Managers",5037,"M"
"1170","27070","Whittlesea","Professionals",4817,"M"
"1171","27070","Whittlesea","Technicians and Trades Workers",8028,"M"
"1172","27070","Whittlesea","Community and Personal Service Workers",1927,"M"
"1173","27070","Whittlesea","Clerical and Administrative Workers",1868,"M"
"1174","27070","Whittlesea","Sales Workers",3146,"M"
"1175","27070","Whittlesea","Machinery Operators and Drivers",5423,"M"
"1176","27070","Whittlesea","Labourers",5068,"M"
"1177","27070","Whittlesea","Managers",2647,"F"
"1178","27070","Whittlesea","Professionals",8600,"F"
"1179","27070","Whittlesea","Technicians and Trades Workers",1450,"F"
"1180","27070","Whittlesea","Community and Personal Service Workers",6068,"F"
"1181","27070","Whittlesea","Clerical and Administrative Workers",6299,"F"
"1182","27070","Whittlesea","Sales Workers",4751,"F"
"1183","27070","Whittlesea","Machinery Operators and Drivers",669,"F"
"1184","27070","Whittlesea","Labourers",2671,"F"
"1185","27170","Wodonga","Managers",1515,"M"
"1186","27170","Wodonga","Professionals",1347,"M"
"1187","27170","Wodonga","Technicians and Trades Workers",2968,"M"
"1188","27170","Wodonga","Community and Personal Service Workers",845,"M"
"1189","27170","Wodonga","Clerical and Administrative Workers",501,"M"
"1190","27170","Wodonga","Sales Workers",653,"M"
"1191","27170","Wodonga","Machinery Operators and Drivers",1856,"M"
"1192","27170","Wodonga","Labourers",1479,"M"
"1193","27170","Wodonga","Managers",875,"F"
"1194","27170","Wodonga","Professionals",2500,"F"
"1195","27170","Wodonga","Technicians and Trades Workers",449,"F"
"1196","27170","Wodonga","Community and Personal Service Workers",1932,"F"
"1197","27170","Wodonga","Clerical and Administrative Workers",1810,"F"
"1198","27170","Wodonga","Sales Workers",1114,"F"
"1199","27170","Wodonga","Machinery Operators and Drivers",197,"F"
"1200","27170","Wodonga","Labourers",764,"F"
"1201","27260","Wyndham","Managers",5994,"M"
"1202","27260","Wyndham","Professionals",5902,"M"
"1203","27260","Wyndham","Technicians and Trades Workers",8291,"M"
"1204","27260","Wyndham","Community and Personal Service Workers",2211,"M"
"1205","27260","Wyndham","Clerical and Administrative Workers",2963,"M"
"1206","27260","Wyndham","Sales Workers",3314,"M"
"1207","27260","Wyndham","Machinery Operators and Drivers",12687,"M"
"1208","27260","Wyndham","Labourers",5673,"M"
"1209","27260","Wyndham","Managers",3231,"F"
"1210","27260","Wyndham","Professionals",9261,"F"
"1211","27260","Wyndham","Technicians and Trades Workers",1657,"F"
"1212","27260","Wyndham","Community and Personal Service Workers",7336,"F"
"1213","27260","Wyndham","Clerical and Administrative Workers",6656,"F"
"1214","27260","Wyndham","Sales Workers",5195,"F"
"1215","27260","Wyndham","Machinery Operators and Drivers",2246,"F"
"1216","27260","Wyndham","Labourers",2922,"F"
"1217","27350","Yarra","Managers",9121,"M"
"1218","27350","Yarra","Professionals",16260,"M"
"1219","27350","Yarra","Technicians and Trades Workers",6419,"M"
"1220","27350","Yarra","Community and Personal Service Workers",2913,"M"
"1221","27350","Yarra","Clerical and Administrative Workers",3303,"M"
"1222","27350","Yarra","Sales Workers",3051,"M"
"1223","27350","Yarra","Machinery Operators and Drivers",1555,"M"
"1224","27350","Yarra","Labourers",2578,"M"
"1225","27350","Yarra","Managers",7717,"F"
"1226","27350","Yarra","Professionals",18988,"F"
"1227","27350","Yarra","Technicians and Trades Workers",2236,"F"
"1228","27350","Yarra","Community and Personal Service Workers",5053,"F"
"1229","27350","Yarra","Clerical and Administrative Workers",7973,"F"
"1230","27350","Yarra","Sales Workers",4084,"F"
"1231","27350","Yarra","Machinery Operators and Drivers",301,"F"
"1232","27350","Yarra","Labourers",1426,"F"
"1233","27450","Yarra Ranges","Managers",3458,"M"
"1234","27450","Yarra Ranges","Professionals",3023,"M"
"1235","27450","Yarra Ranges","Technicians and Trades Workers",5982,"M"
"1236","27450","Yarra Ranges","Community and Personal Service Workers",1307,"M"
"1237","27450","Yarra Ranges","Clerical and Administrative Workers",790,"M"
"1238","27450","Yarra Ranges","Sales Workers",1504,"M"
"1239","27450","Yarra Ranges","Machinery Operators and Drivers",1998,"M"
"1240","27450","Yarra Ranges","Labourers",3354,"M"
"1241","27450","Yarra Ranges","Managers",2497,"F"
"1242","27450","Yarra Ranges","Professionals",4794,"F"
"1243","27450","Yarra Ranges","Technicians and Trades Workers",1475,"F"
"1244","27450","Yarra Ranges","Community and Personal Service Workers",4977,"F"
"1245","27450","Yarra Ranges","Clerical and Administrative Workers",4064,"F"
"1246","27450","Yarra Ranges","Sales Workers",2907,"F"
"1247","27450","Yarra Ranges","Machinery Operators and Drivers",321,"F"
"1248","27450","Yarra Ranges","Labourers",2105,"F"
"1249","27630","Yarriambiack","Managers",533,"M"
"1250","27630","Yarriambiack","Professionals",92,"M"
"1251","27630","Yarriambiack","Technicians and Trades Workers",223,"M"
"1252","27630","Yarriambiack","Community and Personal Service Workers",63,"M"
"1253","27630","Yarriambiack","Clerical and Administrative Workers",38,"M"
"1254","27630","Yarriambiack","Sales Workers",74,"M"
"1255","27630","Yarriambiack","Machinery Operators and Drivers",162,"M"
"1256","27630","Yarriambiack","Labourers",201,"M"
"1257","27630","Yarriambiack","Managers",186,"F"
"1258","27630","Yarriambiack","Professionals",240,"F"
"1259","27630","Yarriambiack","Technicians and Trades Workers",39,"F"
"1260","27630","Yarriambiack","Community and Personal Service Workers",296,"F"
"1261","27630","Yarriambiack","Clerical and Administrative Workers",189,"F"
"1262","27630","Yarriambiack","Sales Workers",94,"F"
"1263","27630","Yarriambiack","Machinery Operators and Drivers",10,"F"
"1264","27630","Yarriambiack","Labourers",104,"F"
"1265","29399","Unincorporated Vic","Managers",203,"M"
"1266","29399","Unincorporated Vic","Professionals",62,"M"
"1267","29399","Unincorporated Vic","Technicians and Trades Workers",192,"M"
"1268","29399","Unincorporated Vic","Community and Personal Service Workers",324,"M"
"1269","29399","Unincorporated Vic","Clerical and Administrative Workers",23,"M"
"1270","29399","Unincorporated Vic","Sales Workers",96,"M"
"1271","29399","Unincorporated Vic","Machinery Operators and Drivers",208,"M"
"1272","29399","Unincorporated Vic","Labourers",166,"M"
"1273","29399","Unincorporated Vic","Managers",157,"F"
"1274","29399","Unincorporated Vic","Professionals",69,"F"
"1275","29399","Unincorporated Vic","Technicians and Trades Workers",44,"F"
"1276","29399","Unincorporated Vic","Community and Personal Service Workers",365,"F"
"1277","29399","Unincorporated Vic","Clerical and Administrative Workers",106,"F"
"1278","29399","Unincorporated Vic","Sales Workers",143,"F"
"1279","29399","Unincorporated Vic","Machinery Operators and Drivers",76,"F"
"1280","29399","Unincorporated Vic","Labourers",134,"F"
"1281","29499","No usual address (Vic.)","Managers",8266,"M"
"1282","29499","No usual address (Vic.)","Professionals",8626,"M"
"1283","29499","No usual address (Vic.)","Technicians and Trades Workers",44012,"M"
"1284","29499","No usual address (Vic.)","Community and Personal Service Workers",3979,"M"
"1285","29499","No usual address (Vic.)","Clerical and Administrative Workers",2545,"M"
"1286","29499","No usual address (Vic.)","Sales Workers",2157,"M"
"1287","29499","No usual address (Vic.)","Machinery Operators and Drivers",9460,"M"
"1288","29499","No usual address (Vic.)","Labourers",16821,"M"
"1289","29499","No usual address (Vic.)","Managers",2945,"F"
"1290","29499","No usual address (Vic.)","Professionals",8961,"F"
"1291","29499","No usual address (Vic.)","Technicians and Trades Workers",2433,"F"
"1292","29499","No usual address (Vic.)","Community and Personal Service Workers",10111,"F"
"1293","29499","No usual address (Vic.)","Clerical and Administrative Workers",4342,"F"
"1294","29499","No usual address (Vic.)","Sales Workers",2538,"F"
"1295","29499","No usual address (Vic.)","Machinery Operators and Drivers",720,"F"
"1296","29499","No usual address (Vic.)","Labourers",5993,"F"
"1297","29799","Migratory - Offshore - Shipping (Vic.)","Managers",6,"M"
"1298","29799","Migratory - Offshore - Shipping (Vic.)","Professionals",34,"M"
"1299","29799","Migratory - Offshore - Shipping (Vic.)","Technicians and Trades Workers",53,"M"
"1300","29799","Migratory - Offshore - Shipping (Vic.)","Community and Personal Service Workers",7,"M"
"1301","29799","Migratory - Offshore - Shipping (Vic.)","Clerical and Administrative Workers",4,"M"
"1302","29799","Migratory - Offshore - Shipping (Vic.)","Sales Workers",0,"M"
"1303","29799","Migratory - Offshore - Shipping (Vic.)","Machinery Operators and Drivers",26,"M"
"1304","29799","Migratory - Offshore - Shipping (Vic.)","Labourers",45,"M"
"1305","29799","Migratory - Offshore - Shipping (Vic.)","Managers",0,"F"
"1306","29799","Migratory - Offshore - Shipping (Vic.)","Professionals",4,"F"
"1307","29799","Migratory - Offshore - Shipping (Vic.)","Technicians and Trades Workers",0,"F"
"1308","29799","Migratory - Offshore - Shipping (Vic.)","Community and Personal Service Workers",11,"F"
"1309","29799","Migratory - Offshore - Shipping (Vic.)","Clerical and Administrative Workers",0,"F"
"1310","29799","Migratory - Offshore - Shipping (Vic.)","Sales Workers",0,"F"
"1311","29799","Migratory - Offshore - Shipping (Vic.)","Machinery Operators and Drivers",0,"F"
"1312","29799","Migratory - Offshore - Shipping (Vic.)","Labourers",0,"F"
